Year,Month,decimal_date,CO2_ppm,trend
1958,3,1958.2079999999999,315.71,314.62
1958,4,1958.2920000000001,317.45,315.29
1958,5,1958.375,317.5,314.71
1958,6,1958.4579999999999,317.1,314.85
1958,7,1958.5420000000001,315.86,314.98
1958,8,1958.625,314.93,315.94
1958,9,1958.7079999999999,313.2,315.91
1958,10,1958.7920000000001,312.66,315.61
1958,11,1958.875,313.33,315.31
1958,12,1958.9579999999999,314.67,315.61
1959,1,1959.0420000000001,315.62,315.7
1959,2,1959.125,316.38,315.88
1959,3,1959.2079999999999,316.71,315.62
1959,4,1959.2920000000001,317.72,315.56
1959,5,1959.375,318.29,315.5
1959,6,1959.4579999999999,318.15,315.92
1959,7,1959.5420000000001,316.54,315.66
1959,8,1959.625,314.8,315.81
1959,9,1959.7079999999999,313.84,316.55
1959,10,1959.7920000000001,313.26,316.19
1959,11,1959.875,314.8,316.78
1959,12,1959.9579999999999,315.58,316.52
1960,1,1960.0420000000001,316.43,316.51
1960,2,1960.125,316.97,316.47
1960,3,1960.2079999999999,317.58,316.49
1960,4,1960.2920000000001,319.02,316.86
1960,5,1960.375,320.03,317.24
1960,6,1960.4579999999999,319.59,317.36
1960,7,1960.5420000000001,318.18,317.3
1960,8,1960.625,315.91,316.92
1960,9,1960.7079999999999,314.16,316.87
1960,10,1960.7920000000001,313.83,316.76
1960,11,1960.875,315.0,316.98
1960,12,1960.9579999999999,316.19,317.13
1961,1,1961.0420000000001,316.93,317.03
1961,2,1961.125,317.7,317.28
1961,3,1961.2079999999999,318.54,317.47
1961,4,1961.2920000000001,319.48,317.27
1961,5,1961.375,320.58,317.7
1961,6,1961.4579999999999,319.77,317.48
1961,7,1961.5420000000001,318.57,317.7
1961,8,1961.625,316.79,317.8
1961,9,1961.7079999999999,314.8,317.49
1961,10,1961.7920000000001,315.38,318.35
1961,11,1961.875,316.1,318.13
1961,12,1961.9579999999999,317.01,317.94
1962,1,1962.0420000000001,317.94,318.06
1962,2,1962.125,318.56,318.11
1962,3,1962.2079999999999,319.68,318.57
1962,4,1962.2920000000001,320.63,318.45
1962,5,1962.375,321.01,318.2
1962,6,1962.4579999999999,320.55,318.27
1962,7,1962.5420000000001,319.58,318.67
1962,8,1962.625,317.4,318.48
1962,9,1962.7079999999999,316.26,319.03
1962,10,1962.7920000000001,315.42,318.33
1962,11,1962.875,316.69,318.62
1962,12,1962.9579999999999,317.69,318.61
1963,1,1963.0420000000001,318.74,318.91
1963,2,1963.125,319.08,318.68
1963,3,1963.2079999999999,319.86,318.69
1963,4,1963.2920000000001,321.39,319.09
1963,5,1963.375,322.25,319.39
1963,6,1963.4579999999999,321.47,319.16
1963,7,1963.5420000000001,319.74,318.77
1963,8,1963.625,317.77,318.83
1963,9,1963.7079999999999,316.21,319.06
1963,10,1963.7920000000001,315.99,319.0
1963,11,1963.875,317.12,319.1
1963,12,1963.9579999999999,318.31,319.25
1964,1,1964.0420000000001,319.57,319.67
1964,2,1964.125,320.07,319.61
1964,3,1964.2079999999999,320.73,319.55
1964,4,1964.2920000000001,321.77,319.48
1964,5,1964.375,322.25,319.42
1964,6,1964.4579999999999,321.89,319.69
1964,7,1964.5420000000001,320.44,319.58
1964,8,1964.625,318.7,319.81
1964,9,1964.7079999999999,316.7,319.56
1964,10,1964.7920000000001,316.79,319.78
1964,11,1964.875,317.79,319.72
1964,12,1964.9579999999999,318.71,319.59
1965,1,1965.0420000000001,319.44,319.48
1965,2,1965.125,320.44,319.97
1965,3,1965.2079999999999,320.89,319.65
1965,4,1965.2920000000001,322.13,319.8
1965,5,1965.375,322.16,319.36
1965,6,1965.4579999999999,321.87,319.65
1965,7,1965.5420000000001,321.39,320.51
1965,8,1965.625,318.81,319.93
1965,9,1965.7079999999999,317.81,320.68
1965,10,1965.7920000000001,317.3,320.36
1965,11,1965.875,318.87,320.87
1965,12,1965.9579999999999,319.42,320.26
1966,1,1966.0420000000001,320.62,320.63
1966,2,1966.125,321.59,321.1
1966,3,1966.2079999999999,322.39,321.16
1966,4,1966.2920000000001,323.87,321.51
1966,5,1966.375,324.01,321.18
1966,6,1966.4579999999999,323.75,321.52
1966,7,1966.5420000000001,322.39,321.49
1966,8,1966.625,320.37,321.5
1966,9,1966.7079999999999,318.64,321.54
1966,10,1966.7920000000001,318.1,321.18
1966,11,1966.875,319.79,321.84
1966,12,1966.9579999999999,321.08,321.95
1967,1,1967.0420000000001,322.07,322.07
1967,2,1967.125,322.5,321.94
1967,3,1967.2079999999999,323.04,321.72
1967,4,1967.2920000000001,324.42,322.05
1967,5,1967.375,325.0,322.27
1967,6,1967.4579999999999,324.09,321.94
1967,7,1967.5420000000001,322.55,321.66
1967,8,1967.625,320.92,322.04
1967,9,1967.7079999999999,319.31,322.19
1967,10,1967.7920000000001,319.31,322.36
1967,11,1967.875,320.72,322.78
1967,12,1967.9579999999999,321.96,322.86
1968,1,1968.0420000000001,322.57,322.55
1968,2,1968.125,323.15,322.56
1968,3,1968.2079999999999,323.89,322.59
1968,4,1968.2920000000001,325.02,322.73
1968,5,1968.375,325.57,322.87
1968,6,1968.4579999999999,325.36,323.2
1968,7,1968.5420000000001,324.14,323.25
1968,8,1968.625,322.03,323.15
1968,9,1968.7079999999999,320.41,323.31
1968,10,1968.7920000000001,320.25,323.32
1968,11,1968.875,321.31,323.32
1968,12,1968.9579999999999,322.84,323.69
1969,1,1969.0420000000001,324.0,323.98
1969,2,1969.125,324.42,323.89
1969,3,1969.2079999999999,325.64,324.41
1969,4,1969.2920000000001,326.66,324.35
1969,5,1969.375,327.34,324.57
1969,6,1969.4579999999999,326.76,324.63
1969,7,1969.5420000000001,325.88,325.08
1969,8,1969.625,323.67,324.8
1969,9,1969.7079999999999,322.38,325.28
1969,10,1969.7920000000001,321.78,324.84
1969,11,1969.875,322.85,324.78
1969,12,1969.9579999999999,324.11,324.88
1970,1,1970.0420000000001,325.03,325.04
1970,2,1970.125,325.99,325.42
1970,3,1970.2079999999999,326.87,325.69
1970,4,1970.2920000000001,328.13,325.86
1970,5,1970.375,328.07,325.27
1970,6,1970.4579999999999,327.66,325.52
1970,7,1970.5420000000001,326.35,325.51
1970,8,1970.625,324.69,325.76
1970,9,1970.7079999999999,323.1,325.93
1970,10,1970.7920000000001,323.16,326.15
1970,11,1970.875,323.98,325.96
1970,12,1970.9579999999999,325.13,326.06
1971,1,1971.0420000000001,326.17,326.25
1971,2,1971.125,326.68,326.1
1971,3,1971.2079999999999,327.18,325.94
1971,4,1971.2920000000001,327.78,325.47
1971,5,1971.375,328.92,326.11
1971,6,1971.4579999999999,328.57,326.4
1971,7,1971.5420000000001,327.34,326.45
1971,8,1971.625,325.46,326.49
1971,9,1971.7079999999999,323.36,326.19
1971,10,1971.7920000000001,323.57,326.58
1971,11,1971.875,324.8,326.82
1971,12,1971.9579999999999,326.01,327.02
1972,1,1972.0420000000001,326.77,326.85
1972,2,1972.125,327.63,327.04
1972,3,1972.2079999999999,327.75,326.53
1972,4,1972.2920000000001,329.72,327.42
1972,5,1972.375,330.07,327.23
1972,6,1972.4579999999999,329.09,326.92
1972,7,1972.5420000000001,328.05,327.2
1972,8,1972.625,326.32,327.37
1972,9,1972.7079999999999,324.93,327.76
1972,10,1972.7920000000001,325.06,328.06
1972,11,1972.875,326.5,328.5
1972,12,1972.9579999999999,327.55,328.55
1973,1,1973.0420000000001,328.54,328.58
1973,2,1973.125,329.56,328.86
1973,3,1973.2079999999999,330.3,328.99
1973,4,1973.2920000000001,331.5,329.14
1973,5,1973.375,332.48,329.62
1973,6,1973.4579999999999,332.07,329.94
1973,7,1973.5420000000001,330.87,330.05
1973,8,1973.625,329.31,330.42
1973,9,1973.7079999999999,327.51,330.45
1973,10,1973.7920000000001,327.18,330.23
1973,11,1973.875,328.16,330.16
1973,12,1973.9579999999999,328.64,329.66
1974,1,1974.0420000000001,329.35,329.45
1974,2,1974.125,330.71,330.12
1974,3,1974.2079999999999,331.48,330.2
1974,4,1974.2920000000001,332.65,330.26
1974,5,1974.375,333.19,330.27
1974,6,1974.4579999999999,332.16,329.94
1974,7,1974.5420000000001,331.07,330.23
1974,8,1974.625,329.12,330.26
1974,9,1974.7079999999999,327.32,330.28
1974,10,1974.7920000000001,327.28,330.36
1974,11,1974.875,328.3,330.28
1974,12,1974.9579999999999,329.58,330.55
1975,1,1975.0420000000001,330.73,330.89
1975,2,1975.125,331.46,330.93
1975,3,1975.2079999999999,331.9,330.54
1975,4,1975.2920000000001,333.17,330.67
1975,5,1975.375,333.94,330.98
1975,6,1975.4579999999999,333.45,331.2
1975,7,1975.5420000000001,331.98,331.12
1975,8,1975.625,329.95,331.11
1975,9,1975.7079999999999,328.5,331.48
1975,10,1975.7920000000001,328.35,331.46
1975,11,1975.875,329.37,331.41
1975,12,1975.9579999999999,330.58,331.6
1976,1,1976.0420000000001,331.59,331.79
1976,2,1976.125,332.75,332.2
1976,3,1976.2079999999999,333.52,332.05
1976,4,1976.2920000000001,334.64,332.13
1976,5,1976.375,334.77,331.84
1976,6,1976.4579999999999,334.0,331.65
1976,7,1976.5420000000001,333.06,332.14
1976,8,1976.625,330.68,331.88
1976,9,1976.7079999999999,328.95,331.94
1976,10,1976.7920000000001,328.75,331.92
1976,11,1976.875,330.15,332.29
1976,12,1976.9579999999999,331.62,332.66
1977,1,1977.0420000000001,332.66,332.76
1977,2,1977.125,333.13,332.51
1977,3,1977.2079999999999,334.95,333.35
1977,4,1977.2920000000001,336.13,333.51
1977,5,1977.375,336.93,333.98
1977,6,1977.4579999999999,336.17,333.8
1977,7,1977.5420000000001,334.88,334.02
1977,8,1977.625,332.56,333.91
1977,9,1977.7079999999999,331.29,334.36
1977,10,1977.7920000000001,331.27,334.52
1977,11,1977.875,332.41,334.64
1977,12,1977.9579999999999,333.6,334.61
1978,1,1978.0420000000001,334.95,335.01
1978,2,1978.125,335.25,334.58
1978,3,1978.2079999999999,336.66,335.0
1978,4,1978.2920000000001,337.69,335.06
1978,5,1978.375,338.03,335.06
1978,6,1978.4579999999999,338.01,335.59
1978,7,1978.5420000000001,336.41,335.57
1978,8,1978.625,334.41,335.87
1978,9,1978.7079999999999,332.37,335.51
1978,10,1978.7920000000001,332.41,335.68
1978,11,1978.875,333.75,335.99
1978,12,1978.9579999999999,334.9,335.88
1979,1,1979.0420000000001,336.14,336.22
1979,2,1979.125,336.69,336.01
1979,3,1979.2079999999999,338.27,336.54
1979,4,1979.2920000000001,338.95,336.24
1979,5,1979.375,339.21,336.21
1979,6,1979.4579999999999,339.26,336.84
1979,7,1979.5420000000001,337.54,336.72
1979,8,1979.625,335.75,337.24
1979,9,1979.7079999999999,333.98,337.2
1979,10,1979.7920000000001,334.19,337.53
1979,11,1979.875,335.31,337.57
1979,12,1979.9579999999999,336.81,337.79
1980,1,1980.0420000000001,337.9,338.09
1980,2,1980.125,338.34,337.82
1980,3,1980.2079999999999,340.01,338.43
1980,4,1980.2920000000001,340.93,338.3
1980,5,1980.375,341.48,338.43
1980,6,1980.4579999999999,341.33,338.84
1980,7,1980.5420000000001,339.4,338.54
1980,8,1980.625,337.7,339.12
1980,9,1980.7079999999999,336.19,339.33
1980,10,1980.7920000000001,336.15,339.42
1980,11,1980.875,337.27,339.42
1980,12,1980.9579999999999,338.32,339.26
1981,1,1981.0420000000001,339.29,339.38
1981,2,1981.125,340.55,339.93
1981,3,1981.2079999999999,341.61,340.06
1981,4,1981.2920000000001,342.53,339.94
1981,5,1981.375,343.03,339.98
1981,6,1981.4579999999999,342.54,340.07
1981,7,1981.5420000000001,340.78,339.92
1981,8,1981.625,338.44,339.86
1981,9,1981.7079999999999,336.95,340.17
1981,10,1981.7920000000001,337.08,340.43
1981,11,1981.875,338.58,340.74
1981,12,1981.9579999999999,339.88,340.79
1982,1,1982.0420000000001,340.96,341.1
1982,2,1982.125,341.73,341.1
1982,3,1982.2079999999999,342.81,341.21
1982,4,1982.2920000000001,343.97,341.37
1982,5,1982.375,344.63,341.56
1982,6,1982.4579999999999,343.79,341.35
1982,7,1982.5420000000001,342.32,341.55
1982,8,1982.625,340.09,341.51
1982,9,1982.7079999999999,338.28,341.47
1982,10,1982.7920000000001,338.29,341.65
1982,11,1982.875,339.6,341.73
1982,12,1982.9579999999999,340.9,341.79
1983,1,1983.0420000000001,341.68,341.84
1983,2,1983.125,342.9,342.32
1983,3,1983.2079999999999,343.33,341.82
1983,4,1983.2920000000001,345.25,342.66
1983,5,1983.375,346.03,342.87
1983,6,1983.4579999999999,345.63,343.15
1983,7,1983.5420000000001,344.19,343.44
1983,8,1983.625,342.27,343.66
1983,9,1983.7079999999999,340.35,343.49
1983,10,1983.7920000000001,340.38,343.72
1983,11,1983.875,341.59,343.71
1983,12,1983.9579999999999,343.05,343.96
1984,1,1984.0420000000001,344.1,344.2
1984,2,1984.125,344.79,344.22
1984,3,1984.2079999999999,345.52,344.09
1984,4,1984.2920000000001,346.84,344.27
1984,5,1984.375,347.63,344.45
1984,6,1984.4579999999999,346.98,344.52
1984,7,1984.5420000000001,345.53,344.76
1984,8,1984.625,343.55,344.94
1984,9,1984.7079999999999,341.4,344.58
1984,10,1984.7920000000001,341.67,345.01
1984,11,1984.875,343.1,345.2
1984,12,1984.9579999999999,344.7,345.57
1985,1,1985.0420000000001,345.21,345.31
1985,2,1985.125,346.16,345.61
1985,3,1985.2079999999999,347.74,346.37
1985,4,1985.2920000000001,348.34,345.79
1985,5,1985.375,349.06,345.91
1985,6,1985.4579999999999,348.38,345.94
1985,7,1985.5420000000001,346.71,345.89
1985,8,1985.625,345.02,346.34
1985,9,1985.7079999999999,343.27,346.4
1985,10,1985.7920000000001,343.13,346.42
1985,11,1985.875,344.49,346.61
1985,12,1985.9579999999999,345.88,346.81
1986,1,1986.0420000000001,346.56,346.59
1986,2,1986.125,347.28,346.74
1986,3,1986.2079999999999,348.01,346.68
1986,4,1986.2920000000001,349.77,347.22
1986,5,1986.375,350.38,347.26
1986,6,1986.4579999999999,349.93,347.52
1986,7,1986.5420000000001,348.16,347.33
1986,8,1986.625,346.08,347.41
1986,9,1986.7079999999999,345.22,348.35
1986,10,1986.7920000000001,344.51,347.77
1986,11,1986.875,345.93,348.04
1986,12,1986.9579999999999,347.21,348.12
1987,1,1987.0420000000001,348.52,348.47
1987,2,1987.125,348.73,348.02
1987,3,1987.2079999999999,349.73,348.3
1987,4,1987.2920000000001,351.31,348.77
1987,5,1987.375,352.09,349.01
1987,6,1987.4579999999999,351.53,349.2
1987,7,1987.5420000000001,350.11,349.39
1987,8,1987.625,348.08,349.49
1987,9,1987.7079999999999,346.52,349.7
1987,10,1987.7920000000001,346.59,349.86
1987,11,1987.875,347.96,350.07
1987,12,1987.9579999999999,349.16,350.05
1988,1,1988.0420000000001,350.39,350.39
1988,2,1988.125,351.64,350.94
1988,3,1988.2079999999999,352.4,350.87
1988,4,1988.2920000000001,353.69,351.01
1988,5,1988.375,354.21,351.06
1988,6,1988.4579999999999,353.72,351.37
1988,7,1988.5420000000001,352.69,352.02
1988,8,1988.625,350.4,351.9
1988,9,1988.7079999999999,348.92,352.13
1988,10,1988.7920000000001,349.13,352.41
1988,11,1988.875,350.2,352.34
1988,12,1988.9579999999999,351.41,352.35
1989,1,1989.0420000000001,352.91,352.85
1989,2,1989.125,353.27,352.54
1989,3,1989.2079999999999,353.96,352.47
1989,4,1989.2920000000001,355.64,352.97
1989,5,1989.375,355.86,352.67
1989,6,1989.4579999999999,355.37,352.97
1989,7,1989.5420000000001,353.99,353.3
1989,8,1989.625,351.81,353.37
1989,9,1989.7079999999999,350.05,353.32
1989,10,1989.7920000000001,350.25,353.52
1989,11,1989.875,351.49,353.65
1989,12,1989.9579999999999,352.85,353.8
1990,1,1990.0420000000001,353.8,353.74
1990,2,1990.125,355.04,354.33
1990,3,1990.2079999999999,355.73,354.24
1990,4,1990.2920000000001,356.32,353.68
1990,5,1990.375,357.32,354.16
1990,6,1990.4579999999999,356.34,353.97
1990,7,1990.5420000000001,354.84,354.19
1990,8,1990.625,353.01,354.61
1990,9,1990.7079999999999,351.31,354.61
1990,10,1990.7920000000001,351.62,354.89
1990,11,1990.875,353.07,355.13
1990,12,1990.9579999999999,354.33,355.19
1991,1,1991.0420000000001,354.84,354.82
1991,2,1991.125,355.73,355.02
1991,3,1991.2079999999999,357.23,355.68
1991,4,1991.2920000000001,358.66,356.02
1991,5,1991.375,359.13,356.01
1991,6,1991.4579999999999,358.13,355.8
1991,7,1991.5420000000001,356.19,355.59
1991,8,1991.625,353.85,355.46
1991,9,1991.7079999999999,352.25,355.56
1991,10,1991.7920000000001,352.35,355.62
1991,11,1991.875,353.81,355.8
1991,12,1991.9579999999999,355.12,355.93
1992,1,1992.0420000000001,356.25,356.2
1992,2,1992.125,357.11,356.38
1992,3,1992.2079999999999,357.86,356.27
1992,4,1992.2920000000001,359.09,356.39
1992,5,1992.375,359.59,356.41
1992,6,1992.4579999999999,359.33,356.97
1992,7,1992.5420000000001,357.01,356.44
1992,8,1992.625,354.94,356.62
1992,9,1992.7079999999999,352.96,356.29
1992,10,1992.7920000000001,353.32,356.63
1992,11,1992.875,354.32,356.38
1992,12,1992.9579999999999,355.57,356.39
1993,1,1993.0420000000001,357.0,356.96
1993,2,1993.125,357.31,356.44
1993,3,1993.2079999999999,358.47,356.76
1993,4,1993.2920000000001,359.27,356.59
1993,5,1993.375,360.19,357.03
1993,6,1993.4579999999999,359.52,357.12
1993,7,1993.5420000000001,357.33,356.76
1993,8,1993.625,355.64,357.32
1993,9,1993.7079999999999,354.03,357.39
1993,10,1993.7920000000001,354.12,357.49
1993,11,1993.875,355.41,357.54
1993,12,1993.9579999999999,356.91,357.8
1994,1,1994.0420000000001,358.24,358.13
1994,2,1994.125,358.92,358.09
1994,3,1994.2079999999999,359.99,358.29
1994,4,1994.2920000000001,361.23,358.46
1994,5,1994.375,361.65,358.46
1994,6,1994.4579999999999,360.81,358.44
1994,7,1994.5420000000001,359.38,358.79
1994,8,1994.625,357.46,359.16
1994,9,1994.7079999999999,355.73,359.17
1994,10,1994.7920000000001,356.07,359.49
1994,11,1994.875,357.53,359.68
1994,12,1994.9579999999999,358.98,359.83
1995,1,1995.0420000000001,359.92,359.79
1995,2,1995.125,360.86,360.05
1995,3,1995.2079999999999,361.83,360.22
1995,4,1995.2920000000001,363.3,360.62
1995,5,1995.375,363.69,360.58
1995,6,1995.4579999999999,363.19,360.84
1995,7,1995.5420000000001,361.64,360.97
1995,8,1995.625,359.12,360.73
1995,9,1995.7079999999999,358.17,361.55
1995,10,1995.7920000000001,357.99,361.37
1995,11,1995.875,359.45,361.59
1995,12,1995.9579999999999,360.68,361.53
1996,1,1996.0420000000001,362.07,361.85
1996,2,1996.125,363.24,362.35
1996,3,1996.2079999999999,364.17,362.53
1996,4,1996.2920000000001,364.57,361.86
1996,5,1996.375,365.13,362.1
1996,6,1996.4579999999999,364.92,362.69
1996,7,1996.5420000000001,363.55,362.85
1996,8,1996.625,361.38,362.98
1996,9,1996.7079999999999,359.54,362.99
1996,10,1996.7920000000001,359.58,362.97
1996,11,1996.875,360.89,363.03
1996,12,1996.9579999999999,362.24,363.08
1997,1,1997.0420000000001,363.09,362.88
1997,2,1997.125,364.03,363.22
1997,3,1997.2079999999999,364.51,362.88
1997,4,1997.2920000000001,366.35,363.68
1997,5,1997.375,366.64,363.74
1997,6,1997.4579999999999,365.59,363.41
1997,7,1997.5420000000001,364.31,363.6
1997,8,1997.625,362.25,363.84
1997,9,1997.7079999999999,360.29,363.68
1997,10,1997.7920000000001,360.82,364.12
1997,11,1997.875,362.49,364.56
1997,12,1997.9579999999999,364.38,365.15
1998,1,1998.0420000000001,365.27,365.07
1998,2,1998.125,365.98,365.17
1998,3,1998.2079999999999,367.24,365.6
1998,4,1998.2920000000001,368.66,366.03
1998,5,1998.375,369.42,366.55
1998,6,1998.4579999999999,368.99,366.8
1998,7,1998.5420000000001,367.82,367.14
1998,8,1998.625,365.95,367.55
1998,9,1998.7079999999999,364.02,367.37
1998,10,1998.7920000000001,364.4,367.67
1998,11,1998.875,365.52,367.56
1998,12,1998.9579999999999,367.13,367.88
1999,1,1999.0420000000001,368.18,367.96
1999,2,1999.125,369.07,368.26
1999,3,1999.2079999999999,369.68,368.08
1999,4,1999.2920000000001,370.99,368.45
1999,5,1999.375,370.96,368.15
1999,6,1999.4579999999999,370.3,368.13
1999,7,1999.5420000000001,369.45,368.77
1999,8,1999.625,366.9,368.48
1999,9,1999.7079999999999,364.81,368.13
1999,10,1999.7920000000001,365.37,368.64
1999,11,1999.875,366.72,368.71
1999,12,1999.9579999999999,368.1,368.77
2000,1,2000.0420000000001,369.29,369.08
2000,2,2000.125,369.54,368.83
2000,3,2000.2079999999999,370.6,369.09
2000,4,2000.2920000000001,371.82,369.28
2000,5,2000.375,371.58,368.71
2000,6,2000.4579999999999,371.7,369.5
2000,7,2000.5420000000001,369.86,369.2
2000,8,2000.625,368.13,369.72
2000,9,2000.7079999999999,367.0,370.3
2000,10,2000.7920000000001,367.03,370.26
2000,11,2000.875,368.37,370.32
2000,12,2000.9579999999999,369.67,370.3
2001,1,2001.0420000000001,370.59,370.43
2001,2,2001.125,371.51,370.78
2001,3,2001.2079999999999,372.43,370.87
2001,4,2001.2920000000001,373.37,370.81
2001,5,2001.375,373.85,370.94
2001,6,2001.4579999999999,373.22,370.99
2001,7,2001.5420000000001,371.51,370.9
2001,8,2001.625,369.61,371.22
2001,9,2001.7079999999999,368.18,371.44
2001,10,2001.7920000000001,368.45,371.69
2001,11,2001.875,369.76,371.74
2001,12,2001.9579999999999,371.24,371.92
2002,1,2002.0420000000001,372.53,372.3
2002,2,2002.125,373.2,372.33
2002,3,2002.2079999999999,374.12,372.44
2002,4,2002.2920000000001,375.02,372.37
2002,5,2002.375,375.76,372.81
2002,6,2002.4579999999999,375.52,373.3
2002,7,2002.5420000000001,374.01,373.42
2002,8,2002.625,371.85,373.52
2002,9,2002.7079999999999,370.75,374.11
2002,10,2002.7920000000001,370.55,373.88
2002,11,2002.875,372.25,374.34
2002,12,2002.9579999999999,373.79,374.53
2003,1,2003.0420000000001,374.88,374.63
2003,2,2003.125,375.64,374.77
2003,3,2003.2079999999999,376.45,374.8
2003,4,2003.2920000000001,377.73,375.06
2003,5,2003.375,378.6,375.55
2003,6,2003.4579999999999,378.28,376.04
2003,7,2003.5420000000001,376.7,376.19
2003,8,2003.625,374.38,376.08
2003,9,2003.7079999999999,373.17,376.48
2003,10,2003.7920000000001,373.14,376.47
2003,11,2003.875,374.66,376.81
2003,12,2003.9579999999999,375.99,376.75
2004,1,2004.0420000000001,377.0,376.78
2004,2,2004.125,377.87,377.02
2004,3,2004.2079999999999,378.88,377.23
2004,4,2004.2920000000001,380.35,377.62
2004,5,2004.375,380.62,377.48
2004,6,2004.4579999999999,379.69,377.39
2004,7,2004.5420000000001,377.47,376.94
2004,8,2004.625,376.01,377.74
2004,9,2004.7079999999999,374.25,377.62
2004,10,2004.7920000000001,374.46,377.82
2004,11,2004.875,376.16,378.31
2004,12,2004.9579999999999,377.51,378.31
2005,1,2005.0420000000001,378.46,378.21
2005,2,2005.125,379.73,378.93
2005,3,2005.2079999999999,380.77,379.27
2005,4,2005.2920000000001,382.29,379.65
2005,5,2005.375,382.45,379.31
2005,6,2005.4579999999999,382.21,379.88
2005,7,2005.5420000000001,380.74,380.18
2005,8,2005.625,378.74,380.42
2005,9,2005.7079999999999,376.7,380.01
2005,10,2005.7920000000001,377.0,380.31
2005,11,2005.875,378.35,380.5
2005,12,2005.9579999999999,380.11,380.9
2006,1,2006.0420000000001,381.38,381.14
2006,2,2006.125,382.19,381.39
2006,3,2006.2079999999999,382.67,381.14
2006,4,2006.2920000000001,384.61,381.91
2006,5,2006.375,385.03,381.87
2006,6,2006.4579999999999,384.05,381.75
2006,7,2006.5420000000001,382.46,381.91
2006,8,2006.625,380.41,382.08
2006,9,2006.7079999999999,378.85,382.16
2006,10,2006.7920000000001,379.13,382.46
2006,11,2006.875,380.15,382.33
2006,12,2006.9579999999999,381.82,382.64
2007,1,2007.0420000000001,382.89,382.67
2007,2,2007.125,383.9,383.01
2007,3,2007.2079999999999,384.58,382.94
2007,4,2007.2920000000001,386.5,383.71
2007,5,2007.375,386.56,383.34
2007,6,2007.4579999999999,386.1,383.84
2007,7,2007.5420000000001,384.5,384.02
2007,8,2007.625,381.99,383.7
2007,9,2007.7079999999999,380.96,384.32
2007,10,2007.7920000000001,381.12,384.47
2007,11,2007.875,382.45,384.65
2007,12,2007.9579999999999,383.95,384.83
2008,1,2008.0420000000001,385.52,385.28
2008,2,2008.125,385.82,384.96
2008,3,2008.2079999999999,386.03,384.48
2008,4,2008.2920000000001,387.21,384.58
2008,5,2008.375,388.54,385.45
2008,6,2008.4579999999999,387.76,385.46
2008,7,2008.5420000000001,386.36,385.8
2008,8,2008.625,384.09,385.75
2008,9,2008.7079999999999,383.18,386.46
2008,10,2008.7920000000001,382.99,386.27
2008,11,2008.875,384.19,386.37
2008,12,2008.9579999999999,385.56,386.41
2009,1,2009.0420000000001,386.94,386.63
2009,2,2009.125,387.48,386.59
2009,3,2009.2079999999999,388.82,387.32
2009,4,2009.2920000000001,389.55,386.92
2009,5,2009.375,390.14,387.02
2009,6,2009.4579999999999,389.48,387.24
2009,7,2009.5420000000001,388.03,387.55
2009,8,2009.625,386.11,387.8
2009,9,2009.7079999999999,384.74,388.01
2009,10,2009.7920000000001,384.43,387.68
2009,11,2009.875,386.02,388.16
2009,12,2009.9579999999999,387.42,388.23
2010,1,2010.0420000000001,388.71,388.41
2010,2,2010.125,390.2,389.26
2010,3,2010.2079999999999,391.17,389.65
2010,4,2010.2920000000001,392.46,389.89
2010,5,2010.375,393.0,389.88
2010,6,2010.4579999999999,392.15,389.89
2010,7,2010.5420000000001,390.2,389.72
2010,8,2010.625,388.35,390.01
2010,9,2010.7079999999999,386.85,390.14
2010,10,2010.7920000000001,387.24,390.53
2010,11,2010.875,388.67,390.79
2010,12,2010.9579999999999,389.79,390.6
2011,1,2011.0420000000001,391.33,391.03
2011,2,2011.125,391.86,390.94
2011,3,2011.2079999999999,392.6,391.07
2011,4,2011.2920000000001,393.25,390.63
2011,5,2011.375,394.19,391.02
2011,6,2011.4579999999999,393.74,391.44
2011,7,2011.5420000000001,392.51,392.04
2011,8,2011.625,390.13,391.83
2011,9,2011.7079999999999,389.08,392.4
2011,10,2011.7920000000001,389.0,392.33
2011,11,2011.875,390.28,392.44
2011,12,2011.9579999999999,391.86,392.66
2012,1,2012.0420000000001,393.12,392.89
2012,2,2012.125,393.86,393.04
2012,3,2012.2079999999999,394.4,392.8
2012,4,2012.2920000000001,396.18,393.43
2012,5,2012.375,396.74,393.54
2012,6,2012.4579999999999,395.71,393.45
2012,7,2012.5420000000001,394.36,393.92
2012,8,2012.625,392.39,394.17
2012,9,2012.7079999999999,391.11,394.54
2012,10,2012.7920000000001,391.05,394.41
2012,11,2012.875,392.98,395.02
2012,12,2012.9579999999999,394.34,395.04
2013,1,2013.0420000000001,395.55,395.4
2013,2,2013.125,396.8,396.01
2013,3,2013.2079999999999,397.43,395.84
2013,4,2013.2920000000001,398.41,395.53
2013,5,2013.375,399.78,396.4
2013,6,2013.4579999999999,398.61,396.28
2013,7,2013.5420000000001,397.32,396.92
2013,8,2013.625,395.2,397.08
2013,9,2013.7079999999999,393.45,396.99
2013,10,2013.7920000000001,393.7,397.04
2013,11,2013.875,395.16,397.15
2013,12,2013.9579999999999,396.84,397.59
2014,1,2014.0420000000001,397.85,397.55
2014,2,2014.125,398.01,397.21
2014,3,2014.2079999999999,399.77,398.24
2014,4,2014.2920000000001,401.38,398.49
2014,5,2014.375,401.78,398.37
2014,6,2014.4579999999999,401.25,398.93
2014,7,2014.5420000000001,399.1,398.67
2014,8,2014.625,397.03,398.92
2014,9,2014.7079999999999,395.38,398.97
2014,10,2014.7920000000001,396.03,399.43
2014,11,2014.875,397.28,399.36
2014,12,2014.9579999999999,398.91,399.64
2015,1,2015.0420000000001,399.98,399.73
2015,2,2015.125,400.28,399.52
2015,3,2015.2079999999999,401.54,400.03
2015,4,2015.2920000000001,403.28,400.38
2015,5,2015.375,403.96,400.51
2015,6,2015.4579999999999,402.8,400.48
2015,7,2015.5420000000001,401.31,400.93
2015,8,2015.625,398.93,400.85
2015,9,2015.7079999999999,397.63,401.26
2015,10,2015.7920000000001,398.29,401.69
2015,11,2015.875,400.16,402.11
2015,12,2015.9579999999999,401.85,402.51
2016,1,2016.0420000000001,402.56,402.27
2016,2,2016.125,404.12,403.3
2016,3,2016.2079999999999,404.87,403.39
2016,4,2016.2920000000001,407.45,404.62
2016,5,2016.375,407.72,404.26
2016,6,2016.4579999999999,406.83,404.49
2016,7,2016.5420000000001,404.41,404.05
2016,8,2016.625,402.27,404.19
2016,9,2016.7079999999999,401.05,404.65
2016,10,2016.7920000000001,401.59,404.99
2016,11,2016.875,403.55,405.54
2016,12,2016.9579999999999,404.45,405.12
2017,1,2017.0420000000001,406.17,405.88
2017,2,2017.125,406.46,405.64
2017,3,2017.2079999999999,407.22,405.74
2017,4,2017.2920000000001,409.04,406.21
2017,5,2017.375,409.69,406.23
2017,6,2017.4579999999999,408.88,406.54
2017,7,2017.5420000000001,407.12,406.77
2017,8,2017.625,405.13,407.04
2017,9,2017.7079999999999,403.37,406.97
2017,10,2017.7920000000001,403.63,407.03
2017,11,2017.875,405.12,407.1
2017,12,2017.9579999999999,406.81,407.48
2018,1,2018.0420000000001,407.96,407.67
2018,2,2018.125,408.32,407.5
2018,3,2018.2079999999999,409.41,407.93
2018,4,2018.2920000000001,410.24,407.41
2018,5,2018.375,411.24,407.78
2018,6,2018.4579999999999,410.79,408.45
2018,7,2018.5420000000001,408.71,408.35
2018,8,2018.625,406.99,408.9
2018,9,2018.7079999999999,405.51,409.11
2018,10,2018.7920000000001,406.0,409.4
2018,11,2018.875,408.02,410.0
2018,12,2018.9579999999999,409.07,409.75
2019,1,2019.0420000000001,410.83,410.53
2019,2,2019.125,411.75,410.93
2019,3,2019.2079999999999,411.97,410.49
2019,4,2019.2920000000001,413.32,410.48
2019,5,2019.375,414.66,411.2
2019,6,2019.4579999999999,413.92,411.57
2019,7,2019.5420000000001,411.77,411.42
2019,8,2019.625,409.95,411.86
2019,9,2019.7079999999999,408.54,412.14
2019,10,2019.7920000000001,408.53,411.93
2019,11,2019.875,410.21,411.96
